cgpa,iq,attendance,projects,placed
8.5,130,92,4,1
7.8,140,85,3,1
9.1,110,96,5,1
7.2,160,82,2,1
8.0,125,88,3,1
6.8,175,78,2,1
9.4,95,98,6,1
7.5,150,84,3,1
8.8,145,91,4,1
6.5,180,76,2,1
7.9,118,87,4,1
8.2,105,94,3,1
6.9,145,81,2,1
9.0,155,90,5,1
7.0,130,79,3,1
8.6,120,93,4,1
6.7,155,83,2,1
9.6,170,97,6,1
7.4,138,86,3,1
8.3,180,89,4,1
5.5,95,72,1,0
6.0,110,80,2,0
4.8,120,68,1,0
5.9,85,77,2,0
6.2,100,84,2,0
3.9,105,61,0,0
5.0,135,74,1,0
6.1,90,86,3,0
4.5,150,65,1,0
5.7,115,79,2,0
6.4,80,88,2,0
5.2,125,70,1,0
4.2,70,58,0,0
6.3,108,82,3,0
5.8,98,76,2,0
3.5,130,63,1,0
4.9,105,71,1,0
6.0,145,85,2,0
5.4,75,67,1,0
4.6,118,73,2,0